time,mutation_count,allele_frequency,V,S,C,P_star,B_raw,B
680360,1,0.0,0.005000000000000001,0.02,0.01,0.1,6803.600000000001,29.179924712740547
1775511,1,0.0,0.005000000000000001,0.02,0.01,0.3666666666666667,17755.110000000004,76.14979908672274
2331602,1,0.0,0.005000000000000001,0.02,0.01,0.6333333333333333,23316.020000000004,99.99995711105191
2331603,1,0.0,0.005000000000000001,0.02,0.01,0.9,23316.030000000006,100.0
