time,loss,accuracy,P_star,V,S,C,B
1,0.2450552155405283,0.9253,0.9253,0.1,0.0006369578896332651,0.0001,0.6368942002132438
2,0.1092067231665055,0.96625,0.96625,0.1,0.002307895388303281,0.0001,4.6153292436821935
3,0.08234703852410118,0.9742166666666666,0.9742166666666666,0.1,0.00026552113337017326,0.0001,0.7964837517353462
4,0.06643827266991138,0.9791166666666666,0.9791166666666666,0.1,0.00029602529071986295,0.0001,1.1839827646029917
5,0.054461854572097464,0.9825833333333334,0.9825833333333334,0.1,0.0009979217021322962,0.0001,4.989109599701511
